<?xml version="1.0" encoding="UTF-8"?>
<!--
 Copyright 2001-2005 The Apache Software Foundation

 Licensed under the Apache License, Version 2.0 (the "License");
 you may not use this file except in compliance with the License.
 You may obtain a copy of the License at

     http://www.apache.org/licenses/LICENSE-2.0

 Unless required by applicable law or agreed to in writing, software
 distributed under the License is distributed on an "AS IS" BASIS,
 WITHOUT WARRANTIES OR CONDITIONS OF ANY KIND, either express or implied.
 See the License for the specific language governing permissions and
 limitations under the License.
-->
<project>
    <pomVersion>1</pomVersion>
    <name>Commons Email</name>
    <groupId>commons-email</groupId>
    <artifactId>commons-email</artifactId>
    <currentVersion>1.0</currentVersion>

    <organization>
      <name>The Apache Software Foundation</name>
      <url>http://jakarta.apache.org</url>
      <logo>http://jakarta.apache.org/images/original-jakarta-logo.gif</logo>
    </organization>

    <licenses>
      <license>
    	<name>The Apache Software License, Version 2.0</name>
    	<url>/LICENSE.txt</url>
    	<distribution>repo</distribution>
      </license>
    </licenses>

    <inceptionYear>2001</inceptionYear>
    <package>org.apache.commons.mail</package>
    <logo>/images/email-logo-white.png</logo>
    <gumpRepositoryId>jakarta</gumpRepositoryId>
    <description>
      Commons-Email aims to provide a API for sending email.
      It is built on top of the Java Mail API, which it aims to simplify.
    </description>
    <shortDescription>Commons Email</shortDescription>
    <issueTrackingUrl>http://issues.apache.org/bugzilla/</issueTrackingUrl>
    <siteAddress>people.apache.org</siteAddress>
    <siteDirectory>/www/jakarta.apache.org/commons/email/</siteDirectory>
    <distributionSite>cvs.apache.org</distributionSite>
    <distributionDirectory>/www/www.apache.org/dist/jakarta/commons/email/</distributionDirectory>
    <repository>
        <connection>scm:svn:http://svn.apache.org/repos/asf/jakarta/commons/proper/email/trunk</connection>
        <url>http://svn.apache.org/viewcvs/jakarta/commons/proper/email/trunk</url>
    </repository>
    <versions>
      <version>
        <name>1.0</name>
        <id>1.0</id>
        <tag>EMAIL_1_0</tag>
      </version>
    </versions>
    <branches/>
    <mailingLists>
        <mailingList>
            <name>Commons Dev List</name>
            <subscribe>commons-dev-subscribe@jakarta.apache.org</subscribe>
            <unsubscribe>commons-dev-unsubscribe@jakarta.apache.org</unsubscribe>
            <archive>http://mail-archives.apache.org/mod_mbox/jakarta-commons-dev/</archive>
        </mailingList>
        <mailingList>
            <name>Commons User List</name>
            <subscribe>commons-user-subscribe@jakarta.apache.org</subscribe>
            <unsubscribe>commons-user-unsubscribe@jakarta.apache.org</unsubscribe>
            <archive>http://mail-archives.apache.org/mod_mbox/jakarta-commons-user/</archive>
        </mailingList>
    </mailingLists>
    <developers>
        <developer>
            <name>dIon Gillard</name>
            <id>dion</id>
            <email>dion@apache.org</email>
            <organization>Apache Software Foundation</organization>
            <roles/>
        </developer>
        <developer>
            <name>John McNally</name>
            <id>jmcnally</id>
            <email>jmcnally@collab.net</email>
            <organization>CollabNet, Inc.</organization>
            <roles/>
        </developer>
        <developer>
            <name>Quinton McCombs</name>
            <id>quintonm</id>
            <email>quintonm@bellsouth.net</email>
            <organization>NequalsOne, LLC.</organization>
            <roles/>
        </developer>
        <developer>
            <name>Eric Pugh</name>
            <id>epugh</id>
            <email>epugh@opensourceconnections.com</email>
            <organization>OpenSource Connections</organization>
            <roles/>
        </developer>
        <developer>
            <name>Daniel Rall</name>
            <id>dlr</id>
            <email>dlr@finemaltcoding.com</email>
            <organization>CollabNet, Inc.</organization>
            <roles/>
        </developer>
        <developer>
            <name>Jon Scott Stevens</name>
            <id>jon</id>
            <email>jon@latchkey.com</email>
            <organization>CollabNet, Inc.</organization>
            <roles/>
        </developer>
        <developer>
            <name>Jason van Zyl</name>
            <id>jvanzyl</id>
            <email>jason@zenplex.com</email>
            <organization>Zenplex</organization>
            <roles/>
        </developer>
        <developer>
            <name>Joe Germuska</name>
            <id>germuska</id>
            <email>Joe@Germuska.com</email>
            <roles/>
        </developer>
        <developer>
            <name>Robert Burrell Donkin</name>
            <id>rdonkin</id>
            <email>rdonkin@apache.org</email>
            <roles/>
        </developer>
        <developer>
          <name>Henning P. Schmiedehausen</name>
          <id>henning</id>
          <email>hps@intermeta.de</email>
          <organization>INTERMETA - Gesellschaft fuer Mehrwertdienste mbH</organization>
          <roles>
            <role>Java Developer</role>
          </roles>
          <timezone>2</timezone>
        </developer>
    </developers>
    <contributors>
        <contributor>
            <name>Stephen Colebourne</name>
            <roles/>
        </contributor>
        <contributor>
            <name>Mark Lowe</name>
            <email>mark.lowe@boxstuff.com</email>
            <roles/>
        </contributor>
        <contributor>
            <name>Niall Pemberton</name>
            <roles/>
        </contributor>
        <contributor>
            <name>Corey Scott</name>
            <email>corey.scott@gmail.com</email>
            <roles/>
        </contributor>
        <contributor>
            <name>Eric Spiegelberg</name>
            <email>eric@spiegs.com</email>
            <roles/>
        </contributor>
        <contributor>
            <name>Matthias Wessendorf</name>
            <email>matthias@wessendorf.net</email>
            <roles/>
        </contributor>
    </contributors>
    <dependencies>
        <dependency>
            <groupId>javamail</groupId>
            <artifactId>javamail</artifactId>
            <version>1.3.3</version>
            <url>http://java.sun.com/products/javamail/</url>
        </dependency>
        <dependency>
            <groupId>activation</groupId>
            <artifactId>activation</artifactId>
            <version>1.0.2</version>
            <url>http://java.sun.com/products/javabeans/glasgow/jaf.html</url>
        </dependency>
        <dependency>
            <groupId>dumbster</groupId>
            <artifactId>dumbster</artifactId>
            <version>1.6</version>
            <url>http://quintanasoft.com/dumbster/</url>
        </dependency>
        <dependency>
            <groupId>maven-plugins</groupId>
            <artifactId>maven-findbugs-plugin</artifactId>
            <version>0.9.2</version>
            <url>http://maven-plugins.sourceforge.net/maven-findbugs-plugin/</url>
            <type>plugin</type>
        </dependency>
    </dependencies>
    <build>
      <nagEmailAddress>commons-dev@jakarta.apache.org</nagEmailAddress>
      <sourceDirectory>src/java</sourceDirectory>
      <unitTestSourceDirectory>src/test</unitTestSourceDirectory>
      <unitTest>
         <includes>
            <include>**/*Test.java</include>
         </includes>
         <resources>
           <resource>
             <directory>src/test</directory>
             <excludes><exclude>**/*.java</exclude></excludes>
           </resource>
         </resources>
      </unitTest>
      <resources>
        <resource>
          <directory>${basedir}</directory>
          <includes>
            <include>NOTICE.txt</include>
          </includes>
          <targetPath>META-INF</targetPath>
        </resource>
      </resources>
    </build>
    <reports>
        <report>maven-changelog-plugin</report>
        <report>maven-changes-plugin</report>
        <report>maven-checkstyle-plugin</report>
        <report>maven-developer-activity-plugin</report>
        <report>maven-file-activity-plugin</report>
        <report>maven-javadoc-plugin</report>
        <report>maven-junit-report-plugin</report>
        <report>maven-jxr-plugin</report>
        <report>maven-pmd-plugin</report>
        <report>maven-license-plugin</report>
        <report>maven-jcoverage-plugin</report>
        <report>maven-findbugs-plugin</report>
    </reports>
    <properties/>
</project>
